{
  "optimal_params": {
    "mld_edge_blend": 0.0,
    "current_edge_blend": 0.4,
    "shelf_widen_sigma": 2.0,
    "front_widen_sigma": 4.0,
    "conv_edge_blend": 0.0,
    "upwell_widen_sigma": 4.0,
    "zero_band_mult": 0.85,
    "one_band_mult": 0.95,
    "edge_boost_strength": 0.1
  },
  "global_blend_results": [
    [
      0.0,
      {
        "mean": 81.896826514751,
        "median": 82.82111271763266,
        "pct_70": 88.88888888888889,
        "min": 59.05805930011814,
        "max": 91.87243812016341,
        "n": 45,
        "objective": 80.42425294460705
      }
    ],
    [
      0.15,
      {
        "mean": 82.07991716242135,
        "median": 83.15615789670031,
        "pct_70": 88.88888888888889,
        "min": 58.705188376887676,
        "max": 92.42916260270515,
        "n": 45,
        "objective": 80.48258746728327
      }
    ],
    [
      0.3,
      {
        "mean": 82.41544386185598,
        "median": 83.46837415337662,
        "pct_70": 93.33333333333333,
        "min": 59.12138264642797,
        "max": 91.39738106642112,
        "n": 45,
        "objective": 81.9301921806701
      }
    ],
    [
      0.45,
      {
        "mean": 83.11921991070467,
        "median": 84.224446900214,
        "pct_70": 93.33333333333333,
        "min": 60.0478004089033,
        "max": 93.45434508807283,
        "n": 45,
        "objective": 82.60268255486982
      }
    ],
    [
      0.6,
      {
        "mean": 83.79105457957274,
        "median": 84.53540913220398,
        "pct_70": 93.33333333333333,
        "min": 60.81750072452598,
        "max": 94.19646716439797,
        "n": 45,
        "objective": 83.09956869317409
      }
    ],
    [
      0.75,
      {
        "mean": 84.1801408496697,
        "median": 84.64792320702657,
        "pct_70": 95.55555555555556,
        "min": 62.63247448759185,
        "max": 94.47383471051842,
        "n": 45,
        "objective": 84.31260137510476
      }
    ],
    [
      0.9,
      {
        "mean": 84.89539644494153,
        "median": 85.70421918593605,
        "pct_70": 97.77777777777777,
        "min": 64.29925547501448,
        "max": 92.32601220346055,
        "n": 45,
        "objective": 85.38394422665888
      }
    ],
    [
      1.0,
      {
        "mean": 85.13180767493255,
        "median": 85.64651753167803,
        "pct_70": 97.77777777777777,
        "min": 64.77588692192884,
        "max": 94.14341082969734,
        "n": 45,
        "objective": 85.75557487066186
      }
    ],
    [
      1.15,
      {
        "mean": 84.81020382425895,
        "median": 85.52563187509027,
        "pct_70": 95.55555555555556,
        "min": 65.60174517186825,
        "max": 91.9153469934913,
        "n": 45,
        "objective": 84.90263193009302
      }
    ],
    [
      1.3,
      {
        "mean": 85.22118661622133,
        "median": 85.78761595169631,
        "pct_70": 95.55555555555556,
        "min": 67.71039888247874,
        "max": 92.0638317364472,
        "n": 45,
        "objective": 85.50360426329568
      }
    ]
  ],
  "final_metrics": {
    "mean": 86.28560725391385,
    "median": 86.79303348054121,
    "pct_70": 97.77777777777777,
    "min": 67.06009529328217,
    "max": 96.96079573156642,
    "n": 45,
    "objective": 86.95567486671195
  }
}