{
  "best_objective": 0.9171961567937449,
  "metrics": {
    "mean": 0.9078,
    "median": 0.9102,
    "pct50": 1.0,
    "pct70": 1.0,
    "min": 0.7251
  },
  "weights": {
    "w_sst": 0.1495,
    "w_sst_front": 0.0593,
    "w_front_corridor": 0.052,
    "w_sst_intrusion": 0.0362,
    "w_chl": 0.1102,
    "w_chl_curvature": 0.0353,
    "w_ssh": 0.0882,
    "w_current": 0.0951,
    "w_convergence": 0.0388,
    "w_mld": 0.1118,
    "w_o2": 0.0456,
    "w_clarity": 0.0518,
    "w_ssta": 0.0269,
    "w_boundary": 0.0873,
    "w_bathy_align": 0.0119
  },
  "params": {
    "boundary_blend": 0.7556,
    "boundary_threshold": 0.2537,
    "chl_optimal": 0.1311,
    "chl_sigma": 0.5935,
    "corridor_thresh": 0.3273,
    "east_bonus": 0.1626,
    "front_floor": 0.2588,
    "intrusion_baseline": 0.0828,
    "intrusion_threshold": 0.5826,
    "shelf_boost": 0.5997,
    "sst_optimal": 23.0697,
    "sst_sigma": 2.9547,
    "ssta_optimal": 1.0689,
    "ssta_sigma": 2.4517,
    "synergy_factor": 0.6545
  },
  "raw_weights": {
    "w_sst": 0.1352,
    "w_sst_front": 0.0536,
    "w_front_corridor": 0.047,
    "w_sst_intrusion": 0.0328,
    "w_chl": 0.0997,
    "w_chl_curvature": 0.032,
    "w_ssh": 0.0797,
    "w_current": 0.0859,
    "w_convergence": 0.035,
    "w_mld": 0.101,
    "w_o2": 0.0412,
    "w_clarity": 0.0468,
    "w_ssta": 0.0244,
    "w_boundary": 0.0789,
    "w_bathy_align": 0.0108
  },
  "n_trials": 200,
  "timestamp": "2026-03-17T09:20:53.242999Z"
}