{
  "best_objective": 0.9083997096635456,
  "metrics": {
    "mean": 0.9124,
    "median": 0.9428,
    "pct50": 1.0,
    "pct70": 0.9859,
    "min": 0.6378
  },
  "weights": {
    "w_sst": 0.3054,
    "w_sst_front": 0.0887,
    "w_sst_intrusion": 0.0258,
    "w_chl": 0.0784,
    "w_ssh": 0.1873,
    "w_current": 0.1188,
    "w_convergence": 0.0379,
    "w_mld": 0.0795,
    "w_o2": 0.039,
    "w_clarity": 0.0393
  },
  "params": {
    "chl_optimal": 0.2154,
    "chl_sigma": 0.7869,
    "east_bonus": 0.1817,
    "front_floor": 0.0736,
    "intrusion_baseline": 0.2409,
    "intrusion_threshold": 0.4973,
    "shelf_boost": 0.533,
    "sst_optimal": 23.4447,
    "sst_sigma": 2.9705,
    "synergy_factor": 0.3572
  },
  "raw_weights": {
    "w_sst": 0.2637,
    "w_sst_front": 0.0766,
    "w_sst_intrusion": 0.0223,
    "w_chl": 0.0677,
    "w_ssh": 0.1618,
    "w_current": 0.1026,
    "w_convergence": 0.0327,
    "w_mld": 0.0686,
    "w_o2": 0.0337,
    "w_clarity": 0.0339
  },
  "n_trials": 200,
  "timestamp": "2026-03-10T02:25:58.548172Z"
}