{
  "best_objective": 0.9310907609171424,
  "metrics": {
    "mean": 0.9281,
    "median": 0.9591,
    "pct50": 1.0,
    "pct70": 1.0,
    "min": 0.7421
  },
  "weights": {
    "w_sst": 0.242,
    "w_sst_front": 0.0584,
    "w_sst_intrusion": 0.0602,
    "w_chl": 0.1056,
    "w_ssh": 0.1,
    "w_current": 0.0933,
    "w_convergence": 0.0527,
    "w_mld": 0.1321,
    "w_o2": 0.0543,
    "w_clarity": 0.04,
    "w_ssta": 0.033,
    "w_boundary": 0.0284
  },
  "params": {
    "boundary_blend": 0.7482,
    "boundary_threshold": 0.2475,
    "chl_optimal": 0.1183,
    "chl_sigma": 0.5935,
    "east_bonus": 0.2812,
    "front_floor": 0.186,
    "intrusion_baseline": 0.2985,
    "intrusion_threshold": 0.1576,
    "shelf_boost": 0.5887,
    "sst_optimal": 23.1003,
    "sst_sigma": 2.8028,
    "ssta_optimal": 1.617,
    "ssta_sigma": 2.4572,
    "synergy_factor": 0.6888
  },
  "raw_weights": {
    "w_sst": 0.208,
    "w_sst_front": 0.0502,
    "w_sst_intrusion": 0.0518,
    "w_chl": 0.0908,
    "w_ssh": 0.086,
    "w_current": 0.0802,
    "w_convergence": 0.0453,
    "w_mld": 0.1136,
    "w_o2": 0.0467,
    "w_clarity": 0.0344,
    "w_ssta": 0.0284,
    "w_boundary": 0.0244
  },
  "n_trials": 200,
  "timestamp": "2026-03-16T16:09:10.498620Z"
}