{
  "best_objective": 0.9012799313439891,
  "metrics": {
    "mean": 0.9782,
    "median": 1.0,
    "pct50": 1.0,
    "pct70": 1.0,
    "min": 0.7803,
    "grid_mean": 0.6369
  },
  "weights": {
    "w_sst": 0.1601,
    "w_sst_front": 0.0628,
    "w_front_corridor": 0.0437,
    "w_sst_intrusion": 0.0222,
    "w_chl": 0.0831,
    "w_chl_curvature": 0.0232,
    "w_ssh": 0.064,
    "w_current": 0.2066,
    "w_convergence": 0.0401,
    "w_mld": 0.1197,
    "w_o2": 0.0338,
    "w_clarity": 0.0522,
    "w_ssta": 0.0885
  },
  "params": {
    "band_boost": 0.3379,
    "band_chl_thresh": 0.4506,
    "band_decay": 0.8045,
    "band_front_thresh": 0.3023,
    "band_width_nm": 2.3116,
    "chl_optimal": 0.1406,
    "chl_sigma": 0.2002,
    "corridor_thresh": 0.2576,
    "east_bonus": 0.0273,
    "front_floor": 0.0694,
    "intrusion_baseline": 0.2852,
    "intrusion_threshold": 0.4539,
    "shelf_boost": 0.4778,
    "sst_optimal": 22.5158,
    "sst_sigma": 1.8773,
    "ssta_optimal": 0.9377,
    "ssta_sigma": 2.1991,
    "synergy_factor": 0.2462
  },
  "raw_weights": {
    "w_sst": 0.1445,
    "w_sst_front": 0.0567,
    "w_front_corridor": 0.0395,
    "w_sst_intrusion": 0.02,
    "w_chl": 0.075,
    "w_chl_curvature": 0.0209,
    "w_ssh": 0.0578,
    "w_current": 0.1865,
    "w_convergence": 0.0362,
    "w_mld": 0.1081,
    "w_o2": 0.0305,
    "w_clarity": 0.0471,
    "w_ssta": 0.0799
  },
  "n_trials": 200,
  "timestamp": "2026-03-18T20:16:37.309788Z"
}