{
  "best_params": {
    "w_sst": 0.15,
    "w_sst_front": 0.007142857142857142,
    "w_front_corridor": 0.06428571428571428,
    "w_chl": 0.10714285714285712,
    "w_chl_curvature": 0.09999999999999999,
    "w_ssh": 0.09999999999999999,
    "w_shelf": 0.007142857142857142,
    "w_current": 0.0,
    "w_shear": 0.12857142857142856,
    "w_upwell": 0.04285714285714285,
    "w_ftle": 0.09285714285714285,
    "w_vert_vel": 0.057142857142857134,
    "w_salinity_front": 0.09999999999999999,
    "w_okubo_weiss": 0.021428571428571425,
    "w_bivariate": 0.021428571428571425,
    "shelf_prox_blend": 0.8,
    "shelf_prox_sigma": 50.0,
    "depth_shallow_full": 200,
    "pool_pct": 75,
    "depth_zero_cut": 60,
    "depth_shallow_floor": 0.5,
    "depth_taper_start": 500,
    "depth_taper_mid": 1500,
    "depth_floor": 0.6,
    "shelf_prox_depth": 270,
    "edge_shelf_sigma": 6.5,
    "sst_optimal": 23.75,
    "sst_sigma": 2.5,
    "sst_sigma_above": 4.0,
    "chl_threshold": 0.3,
    "chl_sigma": 0.05,
    "band_width_nm": 6.0,
    "band_boost": 0.05,
    "band_decay": 0.30000000000000004,
    "band_shore_ratio": 0.3,
    "band_deep_ratio": 0.4,
    "shallow_cut": 0.65,
    "shear_depth_thresh": 60,
    "shear_depth_full": 200,
    "lunar_boost": 0.08,
    "bathy_w_200": 0.2,
    "bathy_w_500": 0.8,
    "corridor_pct": 85,
    "front_sigma": 3.5,
    "okubo_weiss_edge_center": 0.35,
    "okubo_weiss_edge_width": 0.8,
    "upwelling_edge_edge_center": 0.15,
    "upwelling_edge_edge_width": 0.4,
    "current_shear_edge_center": 0.35,
    "current_shear_edge_width": 0.1,
    "chl_curvature_edge_center": 0.9000000000000001,
    "chl_curvature_edge_width": 0.4
  },
  "best_metrics": {
    "mean": 69.03511752535603,
    "median": 69.46239121521204,
    "pct_70": 48.0,
    "pct_80": 40.0,
    "min": 31.56544421434486,
    "max": 90.491702827103,
    "n": 25,
    "ocean_mean": 54.49248130443274,
    "ocean_pct70": 21.794871794871796,
    "catch_lift": 14.542636220923292,
    "avg_gradient": 9.35231232750402,
    "avg_percentile": 71.76923076923077,
    "avg_top10_area": 10.256410256410255,
    "avg_peak_ratio": 0.8014963670219152,
    "objective": 25.40602285103642
  },
  "baseline_metrics": {
    "mean": 79.72100031558078,
    "median": 80.59578433543201,
    "pct_70": 84.0,
    "pct_80": 52.0,
    "min": 46.94556361209404,
    "max": 97.56329652648121,
    "n": 25,
    "ocean_mean": 73.4573702726375,
    "ocean_pct70": 61.0042735042735,
    "catch_lift": 6.2636300429432765,
    "avg_gradient": 6.570651250090594,
    "avg_percentile": 55.71794871794872,
    "avg_top10_area": 10.256410256410255,
    "avg_peak_ratio": 0.834430874813538,
    "objective": -44.91917641291147
  },
  "n_trials": 400,
  "n_workers": 16,
  "objective_components": [
    "A) accuracy: mean(10%) + pct_70(5%) + min(3%)",
    "B) edge_quality: gradient(0.8x, cap 10) + peak_ratio_penalty([0.82-0.92] sweet spot)",
    "C) discrimination: catch_lift(0.3x, cap 30) + percentile(0.05x)",
    "D) selectivity: -penalty(ocean_mean>55@2x, ocean_pct70>40@1.5x, top10>12@1x)"
  ]
}