{
  "best_params": {
    "w_sst": 0.0588235294117647,
    "w_sst_front": 0.08823529411764705,
    "w_front_corridor": 0.1176470588235294,
    "w_chl": 0.02941176470588235,
    "w_chl_curvature": 0.2352941176470588,
    "w_ssh": 0.0588235294117647,
    "w_shelf": 0.0,
    "w_current": 0.00980392156862745,
    "w_shear": 0.0392156862745098,
    "w_upwell": 0.0392156862745098,
    "w_ftle": 0.0196078431372549,
    "w_vert_vel": 0.049019607843137254,
    "w_salinity_front": 0.1568627450980392,
    "w_okubo_weiss": 0.09803921568627451,
    "shelf_prox_blend": 0.5,
    "shelf_prox_sigma": 30.0,
    "depth_shallow_full": 160,
    "pool_pct": 70,
    "depth_shallow_floor": 0.5,
    "depth_taper_start": 600,
    "depth_taper_mid": 500,
    "depth_floor": 0.1,
    "shelf_prox_depth": 200,
    "edge_shelf_sigma": 7.5,
    "sst_optimal": 23.0,
    "sst_sigma": 2.0,
    "sst_sigma_above": 4.0,
    "chl_threshold": 0.1,
    "chl_sigma": 0.25,
    "band_width_nm": 1.5,
    "band_boost": 0.25,
    "band_decay": 0.5,
    "band_shore_ratio": 0.25,
    "band_deep_ratio": 0.3,
    "shallow_cut": 0.35,
    "shear_depth_thresh": 120,
    "shear_depth_full": 200,
    "lunar_boost": 0.04,
    "bathy_w_200": 1.0,
    "bathy_w_500": 0.4,
    "corridor_pct": 60,
    "front_sigma": 3.5,
    "okubo_weiss_edge_center": 1.0,
    "okubo_weiss_edge_width": 0.15,
    "upwelling_edge_edge_center": 0.25,
    "upwelling_edge_edge_width": 0.35,
    "current_shear_edge_center": 0.5,
    "current_shear_edge_width": 0.55,
    "chl_curvature_edge_center": 0.8500000000000001,
    "chl_curvature_edge_width": 0.25
  },
  "best_metrics": {
    "mean": 72.66909034305576,
    "median": 75.89943100396923,
    "pct_70": 59.57446808510638,
    "pct_80": 46.808510638297875,
    "min": 39.50475349634057,
    "max": 97.25761890694166,
    "n": 47,
    "ocean_mean": 54.9471133894734,
    "ocean_pct70": 29.181235431235436,
    "catch_lift": 17.721976953582356,
    "avg_gradient": 11.915867737352825,
    "avg_percentile": 74.72722313147844,
    "avg_top10_area": 10.256410256410257,
    "avg_peak_ratio": 0.8049585812691016,
    "objective": 28.258108005136265
  },
  "baseline_metrics": {
    "mean": 80.9920278166838,
    "median": 84.9176928239911,
    "pct_70": 80.85106382978722,
    "pct_80": 65.95744680851064,
    "min": 44.03914410622644,
    "max": 96.37326715450902,
    "n": 47,
    "ocean_mean": 66.22365753683901,
    "ocean_pct70": 50.75757575757577,
    "catch_lift": 14.768370279844788,
    "avg_gradient": 10.215517250732729,
    "avg_percentile": 66.91216584833606,
    "avg_top10_area": 10.256410256410257,
    "avg_peak_ratio": 0.8461495871808173,
    "objective": -9.344629037326907
  },
  "n_trials": 400,
  "n_workers": 16,
  "objective_components": [
    "A) accuracy: mean(10%) + pct_70(5%) + min(3%)",
    "B) edge_quality: gradient(0.8x, cap 10) + peak_ratio_penalty([0.82-0.92] sweet spot)",
    "C) discrimination: catch_lift(0.3x, cap 30) + percentile(0.05x)",
    "D) selectivity: -penalty(ocean_mean>55@2x, ocean_pct70>40@1.5x, top10>12@1x)"
  ]
}